<?xml version="1.0" encoding="UTF-8"?>
<beans:beans xmlns="http://www.springframework.org/schema/mvc"
	xmlns:xsi="http://www.w3.org/2001/XMLSchema-instance"
	xmlns:beans="http://www.springframework.org/schema/beans"
	xmlns:context="http://www.springframework.org/schema/context"
	xsi:schemaLocation="http://www.springframework.org/schema/mvc http://www.springframework.org/schema/mvc/spring-mvc.xsd
		http://www.springframework.org/schema/beans http://www.springframework.org/schema/beans/spring-beans.xsd
		http://www.springframework.org/schema/context http://www.springframework.org/schema/context/spring-context.xsd">

	<!-- DispatcherServlet Context: defines this servlet's request-processing infrastructure -->
	
	<!-- Enables the Spring MVC @Controller programming model -->
	<annotation-driven />

	<!-- Handles HTTP GET requests for /resources/** by efficiently serving up static resources in the ${webappRoot}/resources directory -->
	<resources mapping="/resources/**" location="/resources/" />

	<!-- Resolves views selected for rendering by @Controllers to .jsp resources in the /WEB-INF/views directory -->
	<beans:bean class="org.springframework.web.servlet.view.InternalResourceViewResolver">
		<beans:property name="prefix" value="/WEB-INF/views/" />
		<beans:property name="suffix" value=".jsp" />
	</beans:bean>
	
	<context:component-scan base-package="com.misoot.lar" />
	
	<!-- JsonView And viewResolver -->
	<beans:bean id="viewResolver" class="org.springframework.web.servlet.view.BeanNameViewResolver">
        <beans:property name="order" value="1"/>
    </beans:bean>
    
	<beans:bean id="jsonView" class="net.sf.json.spring.web.servlet.view.JsonView"/>
	
	<beans:bean id="jacksonMessageConverter" class="org.springframework.http.converter.json.MappingJackson2HttpMessageConverter" />
	<beans:bean class="org.springframework.web.servlet.mvc.method.annotation.RequestMappingHandlerAdapter">
		<beans:property name="messageConverters">
			<beans:list>
				<beans:ref bean="jacksonMessageConverter"/>
			</beans:list>
		</beans:property>
	</beans:bean>
	
	<!-- multipartResolver for fileUpload 10MB limit -->
	<beans:bean id="multipartResolver" class="org.springframework.web.multipart.commons.CommonsMultipartResolver">
		<beans:property name="maxUploadSize" value="10485760" />
	</beans:bean>
	
	<interceptors>
		<!-- 접속 체크용 인터셉터 -->
		<interceptor>
			<mapping path="/user/cart"/>
			<mapping path="/user/purchase"/>
			<mapping path="/user/mypage/**/*"/>
			<mapping path="/commu/commuForm/*"/>
			<!-- 스프링 3.2버전 이후부터 예외 URL(경로)를 추가할 수 있다. -->
			<beans:bean id="SignincheckInterceptor" class="com.misoot.lar.common.interceptors.SigninCheckInterceptor"/>
		</interceptor>
		<interceptor>
			<mapping path="/admin"/>
			<mapping path="/admin/**/*"/>
			<!-- 스프링 3.2버전 이후부터 예외 URL(경로)를 추가할 수 있다. -->
			<beans:bean id="AdmincheckInterceptor" class="com.misoot.lar.common.interceptors.AdminCheckInterceptor"/>
		</interceptor>
	</interceptors>
	
</beans:beans>